秋山耕一,あきやまこういち,617-0080,向日市北園町６０２
浅沼陽介,あさぬまようすけ,899-1740,阿久根市南山１－２５
東俊一,あずましゅんいち,838-0008,朝倉市鷹匠町５－１０－２４
荒木敏之,あらきとしゆき,563-0830,伊丹市浦８３３グリーンコーポ浦８０６
池内智之,いけうちともゆき,901-0630,南城市鶴田１－７－２０インペリアル鶴田９０８
市川裕介,いちかわゆうすけ,869-1698,阿蘇郡高森町桜５－３５
伊藤敏郎,いとうとしろう,084-0930,釧路市大平台１３１０インペリアル大平台５０８
井上拓也,いのうえたくや,355-0039,東松山市弁天町２－５－１９
内田大介,うちだだいすけ,857-0029,佐世保市赤岩２－３７
梅田拓也,うめだたくや,519-0129,亀山市長井５６
及川聡,おいかわさとし,307-0050,結城市青山台１５
大内哲郎,おおうちてつろう,331-0090,さいたま市西区小町１９５０サープラス小町２０４
大崎直人,おおさきなおと,979-2460,南相馬市豊里４９６山田団地７０２
岡崎拓也,おかざきたくや,996-0070,新庄市十日町１－２４－２
岡本貴司,おかもとたかし,819-1640,糸島市須川１５６
小栗勝己,おぐりかつみ,645-0390,田辺市川端町３－３０－１１
梶本広大,かじもとこうだい,569-0029,高槻市川内５－２４
梶原光雄,かじわらみつお,649-1130,日高郡由良町竹田４２
加藤憲,かとうけん,964-0020,二本松市西大沼１００２
金子大,かねこだい,184-0029,小金井市西園町１－３５
金子義人,かねこよしと,185-0020,国分寺市田原９８
狩野幸治,かのうこうじ,980-0020,仙台市青葉区泉町４－４９
川添雄介,かわぞえゆうすけ,768-0030,観音寺市平尾１－７
川村正浩,かわむらまさひろ,220-0008,横浜市西区城北町５－３５
河村勇一,かわむらゆういち,505-0050,美濃加茂市下柳１２１
北川和彦,きたがわかずひこ,547-0080,大阪市平野区領家４－６
北川雄太,きたがわゆうた,359-0029,所沢市南が丘３１３
北澤一,きたざわはじめ,022-0027,大船渡市長崎６８２
木下一成,きのしたいっせい,949-4350,三島郡出雲崎町日影２００
日下幸二,くさかこうじ,834-1400,八女市梶原７４
久保将大,くぼまさひろ,211-0092,川崎市中原区高島１－２０－１９
栗田大介,くりただいすけ,245-0060,横浜市泉区曙２０８ハイツ松本３０７
栗原一輝,くりはらかずき,869-0237,玉名市川上２４
栗原勇人,くりはらはやと,729-2360,三原市西３－２０－１３
小谷明,こたにあきら,731-3270,広島市安佐南区川上町５－２０－１９コーポ山田１０９
小林功,こばやしいさお,007-0022,札幌市東区小路１－１３－５
小林栄二,こばやしえいじ,563-0039,池田市丸山町２－２８－２２
小林拓,こばやしたく,899-8510,鹿屋市岡田町３３オリエンタル岡田町３０８
小林裕也,こばやしゆうや,004-0078,札幌市清田区井ノ口４－６－１６
紺野裕行,こんのひろゆき,028-1108,上閉伊郡大槌町木崎１７４３
斉藤伸治,さいとうしんじ,679-3450,朝来市中新田５－１９
坂井達也,さかいたつや,790-0072,松山市東山町４－１９佐々木コーポ８０４
坂田正義,さかたまさよし,503-2450,揖斐郡池田町東五条南１９４４
坂本雅人,さかもとまさと,665-0933,川西市けやき台５－１０
櫻井竜也,さくらいたつや,667-0029,養父市勝山５－１９－２１
佐藤健太郎,さとうけんたろう,445-0890,西尾市城東８７０高橋アパート１０６
佐藤猛,さとうたけし,957-0029,新発田市黒岩４－７－２９ハイネス山口９０３
佐野明,さのあきら,882-0028,延岡市中村２－３３
佐野健,さのけん,549-0030,泉佐野市灰塚１７７０
塩野翔太,しおのしょうた,731-0330,安芸高田市駅前１－２９パークハイム駅前２０１
柴田直樹,しばたなおき,950-0049,新潟市江南区矢部１９２２
柴田亮輔,しばたりょうすけ,538-0050,大阪市鶴見区新橋３３６
進藤正,しんどうただし,989-2429,岩沼市北山町１４５２
菅原健次,すがわらけんじ,327-0051,佐野市南山町１４２８
杉田修,すぎたおさむ,861-1137,合志市府中１３３
杉山大樹,すぎやまひろき,135-0176,品川区山屋５０６
鈴木貴弘,すずきたかひろ,840-0030,佐賀市愛宕町３－６
鈴木俊夫,すずきとしお,013-0029,横手市田野５－３３
高嶋和幸,たかしまかずゆき,428-0309,榛原郡川根本町滝下１－４６
高橋一将,たかはしかずまさ,112-0017,文京区白木２－２９
高橋翔平,たかはししょうへい,353-0078,志木市堀町５－２９アドラブール６０２
高橋直也,たかはしなおや,441-3493,田原市観音寺町５－１９－２２
高山正浩,たかやままさひろ,701-0329,都窪郡早島町小貫５－１２
立石幸雄,たていしゆきお,395-0654,下伊那郡平谷村西中町４－５
田中修司,たなかしゅうじ,421-1197,藤枝市稲３２
谷一郎,たにいちろう,950-0029,新潟市江南区稲葉町２－７山田団地３０９
塚田隆,つかだたかし,840-0067,佐賀市大通り６８２
柘植晋,つげすすむ,421-0480,牧之原市三島町９２
辻慎二,つじしんじ,302-0175,守谷市大和町８８セントラル大和町９０１
徳川康弘,とくがわやすひろ,197-0018,福生市北条３－２９－１１
中井誠,なかいまこと,064-0957,札幌市中央区赤塚９２４
中江貢,なかえみつぐ,197-0830,あきる野市東六条北４－１８－２０
中嶋直人,なかじまなおと,744-0050,下松市今町３－４８
中村康雄,なかむらやすお,509-5400,土岐市八木沢２１
長岡智也,ながおかともや,150-0065,渋谷区大田町３６１
永瀬哲夫,ながせてつお,300-0443,稲敷郡美浦村南二条東１６４５
永野賢治,ながのけんじ,100-1300,御蔵島村向平９７リッツハウス７０３
永山徹,ながやまとおる,416-0930,富士市和合町５２
西尾裕太,にしおゆうた,768-0029,観音寺市新生２－３３
西川匠,にしかわたくみ,226-0007,横浜市緑区瀬田５８
西川勉,にしかわべん,301-0039,龍ケ崎市松本２－４６佐々木ハイツ９０１
西本義人,にしもとよしと,915-0029,越前市寺島１８１９
野口一男,のぐちかずお,886-0210,小林市小杉７６
野中一成,のなかかずなり,389-2600,飯山市前田町１－２２－２
萩原雅人,はぎわらまさと,808-0174,北九州市若松区南三条東２－１４－１７
橋本智之,はしもとともゆき,901-3739,島尻郡粟国村大浜町５－６－３０
長谷部英二,はせべえいじ,292-0479,君津市船見町３－４２
浜田大輔,はまだだいすけ,073-0182,砂川市大関３－２７アメニティ大関６０１
浜田正利,はまだまさとし,842-0200,神埼市南二条５－３－９
浜田亮介,はまだりょうすけ,001-0005,札幌市北区今町１２６５
春川浩司,はるかわこうじ,244-0870,横浜市栄区薬師町１－６－２５
肥後孝雄,ひごたかお,063-0083,札幌市西区川崎町２－３－１８エミネンス３０３
日比野豊,ひびのゆたか,792-0018,新居浜市沓掛８２
平野翔太,ひらのしょうた,776-0009,吉野川市松浦町４－６－２８ファミール松浦町３０９
平山明,ひらやまあきら,657-0020,神戸市灘区池田町９９パーク中村１０３
廣田宏,ひろたひろし,983-0094,仙台市宮城野区真木４－１６
福元竜也,ふくもとたつや,100-0300,利島村福井５５
藤井邦彦,ふじいくにひこ,389-2288,妙高市橋本町８５１
藤岡義男,ふじおかよしお,879-4200,日田市大場５－３４
藤田大介,ふじただいすけ,300-0429,稲敷郡美浦村中之郷３－５－２２
藤本翼,ふじもとつばさ,413-0761,下田市西島町６１ハイツ鈴木７０８
藤本義和,ふじもとよしかず,421-3130,静岡市清水区西大井１－９－２５
星野太郎,ほしのたろう,197-0020,福生市稲１００９
細川修平,ほそかわしゅうへい,864-0029,荒尾市小瀬１１４６
本間和典,ほんまかずのり,079-1130,赤平市城山台３－１２
前田実,まえだみのる,411-0068,駿東郡清水町小室２－９－３
町田克也,まちだかつや,577-0076,東大阪市富岡３２
三浦隆,みうらたかし,861-3270,上益城郡甲佐町黒川９５
水田俊英,みずたとしひで,692-0730,安来市竹内２２田中アパート４０６
水原毅,みずはらつよし,336-0014,さいたま市南区新庄１４６６
水原弘樹,みずはらひろき,632-0120,天理市大原５－４４
三谷和宏,みたにかずひろ,028-6410,九戸郡軽米町五日市４－１８
宮沢隆,みやざわたかし,765-0070,善通寺市堀内１８９９
宮下昌平,みやしたしょうへい,410-3400,沼津市下境５－９－２７
村上隆司,むらかみたかし,580-0086,松原市大東町５００
村上誠,むらかみまこと,925-0029,羽咋市瀬戸町３５８
毛利英樹,もうりひでき,678-0140,相生市豊岡４－１９－１９
森本光一,もりもとこういち,400-0529,南巨摩郡富士川町上和田２－４
森本拓也,もりもとたくや,421-0193,静岡市駿河区宮代３－４５マンハイム宮代７０５
森龍二,もりりゅうじ,030-1210,東津軽郡蓬田村ひばりが丘４－１５－７パラシオンひばりが丘８０６
八代宏,やしろひろし,100-1189,三宅島三宅村千歳町４１９
柳川裕也,やながわゆうや,761-2130,綾歌郡綾川町菊水４８
柳友和,やなぎともかず,292-0040,木更津市中新町４－１９－１９
山﨑真吾,やまざきしんご,895-2810,伊佐市下川原３－４２
山田琢也,やまだたくや,350-2273,鶴ヶ島市平１７０７
山本大地,やまもとだいち,463-0020,名古屋市守山区桑原１４１９
吉川秀樹,よしかわひでき,883-0390,東臼杵郡美郷町羽黒７２
吉村智,よしむらさとし,270-1448,柏市長浜町２－３３
吉本俊介,よしもとしゅんすけ,431-1317,浜松市北区吹上町８３
米倉広和,よねくらひろかず,952-0029,佐渡市八島町５５アーバンハウス八島町９０１
